Date,Close,High,Low,Open,Volume,MA7,Lag1,Lag2,Volatility,Target
2025-04-11,1368.937255859375,1397.4437254302495,1356.893771609889,1370.6855647660782,12567440,1406.5178920200892,1363.3524169921875,1387.7310791015625,0.025039154552879944,1385.011474609375
2025-04-15,1385.011474609375,1406.087688754894,1368.5001176189407,1404.0480742507405,10178530,1389.291957310268,1368.937255859375,1363.3524169921875,0.024408355989881853,1372.4822998046875
2025-04-16,1372.4822998046875,1386.4684147056246,1356.6508927211694,1384.0402738742662,12022740,1377.7201450892858,1385.011474609375,1368.937255859375,0.022204324606698245,1378.6982421875
2025-04-17,1378.6982421875,1388.7022289531085,1338.6825322481727,1357.8162328834976,14264227,1373.2592947823662,1372.4822998046875,1385.011474609375,0.020243101738376054,1409.29296875
2025-04-21,1409.29296875,1429.4951483248678,1369.4714582615436,1369.4714582615436,15648970,1380.7865339006696,1378.6982421875,1372.4822998046875,0.015102462995067005,1381.903564453125
2025-04-22,1381.903564453125,1398.6091260339042,1378.5041672717928,1398.6091260339042,9399738,1379.9540318080358,1409.29296875,1378.6982421875,0.015459780494298228,1432.505859375
2025-04-23,1432.505859375,1445.0350886470426,1398.2204665039803,1404.4365301839098,11136642,1389.8330950055804,1381.903564453125,1409.29296875,0.0187122082424621,1429.1065673828125
2025-04-24,1429.1065673828125,1440.2760150192205,1419.4911061400271,1427.6496829084983,7114292,1398.4287109375,1432.505859375,1381.903564453125,0.019050181794072193,1437.653564453125
2025-04-25,1437.653564453125,1458.535575435,1421.4336312546193,1433.0887071514799,8329979,1405.949009486607,1429.1065673828125,1432.505859375,0.0189006482932464,1439.4989013671875
2025-04-28,1439.4989013671875,1446.7833234291916,1423.1818670852326,1437.6534907325017,5886253,1415.5228097098213,1437.653564453125,1429.1065673828125,0.017955746575929327,1454.4564208984375
2025-04-29,1454.4564208984375,1466.4029217301106,1431.7289980215003,1439.4019470928108,8056743,1426.3454066685267,1439.4989013671875,1437.653564453125,0.017959586155395005,1456.9815673828125
2025-04-30,1456.9815673828125,1465.431568419441,1439.984581952398,1453.7764926957282,7704183,1433.1580636160713,1454.4564208984375,1439.4989013671875,0.01685973960707625,1463.586181640625
2025-05-02,1463.586181640625,1479.4175886205041,1453.1936678135066,1456.5930649551544,7402310,1444.8270089285713,1456.9815673828125,1454.4564208984375,0.013115291885950486,1465.2373046875
2025-05-05,1465.2373046875,1479.2234198282615,1459.6040889990923,1471.453369034679,4282493,1449.5029296875,1463.586181640625,1456.9815673828125,0.004130607671595394,1468.0538330078125
2025-05-06,1468.0538330078125,1472.0359599506996,1456.0102317041706,1462.7119235923028,4270530,1455.0668247767858,1465.2373046875,1463.586181640625,0.0034148644869875966,1464.9459228515625
2025-05-07,1464.9459228515625,1475.1441139885928,1453.5821530190785,1456.8844481471906,5691799,1458.9657331194196,1468.0538330078125,1465.2373046875,0.003909879486676656,1467.9569091796875
2025-05-08,1467.9569091796875,1472.9102929808603,1458.0500230157727,1464.654613791716,8424409,1463.0311628069196,1464.9459228515625,1468.0538330078125,0.0038741073933564562,1464.2659912109375
2025-05-09,1464.2659912109375,1467.9568126185206,1451.1540310083215,1457.5642989506216,4478653,1464.4325299944196,1467.9569091796875,1464.9459228515625,0.0024853641632753827,1580.136962890625
2025-05-12,1580.136962890625,1585.0903465111594,1487.96471253376,1492.8209942326298,11372857,1482.026157924107,1464.2659912109375,1467.9569091796875,0.029696044143338388,1523.5125732421875
2025-05-13,1523.5125732421875,1565.859323230766,1519.627548132014,1562.7513505672503,12846210,1490.5870710100446,1580.136962890625,1464.2659912109375,0.034862560090186456,1546.6285400390625
2025-05-14,1546.6285400390625,1549.1537826809642,1524.3867472838704,1528.75740058924,4870057,1502.214390345982,1523.5125732421875,1580.136962890625,0.034922546367871794,1566.6363525390625
2025-05-15,1566.6363525390625,1572.0753639006625,1525.8435894847285,1544.103254657481,11151167,1516.297607421875,1546.6285400390625,1523.5125732421875,0.03483745112720105,1544.200439453125
2025-05-16,1544.200439453125,1566.2479103864578,1536.0418626920532,1566.2479103864578,4576751,1527.6196812220983,1566.6363525390625,1546.6285400390625,0.03582649301206589,1514.965576171875
2025-05-19,1514.965576171875,1539.4411867318856,1510.9833306187809,1531.185508443418,8855798,1534.335205078125,1544.200439453125,1566.6363525390625,0.037264938921336845,1515.7425537109375
2025-05-20,1515.7425537109375,1537.9843466293191,1513.2173110505078,1524.8723866170074,7143998,1541.688999720982,1514.965576171875,1544.200439453125,0.03717943298756355,1523.41552734375
2025-05-21,1523.41552734375,1525.8436681268927,1507.4869000940212,1522.832797268108,4157309,1533.5859375,1515.7425537109375,1514.965576171875,0.018672891783444497,1503.01904296875
2025-05-22,1503.01904296875,1515.936798484799,1495.7346211126817,1510.7890929485561,6158990,1530.6582903180804,1523.41552734375,1515.7425537109375,0.013797581722317837,1519.8218994140625
2025-05-23,1519.8218994140625,1541.5779455953386,1505.447258808557,1505.447258808557,5038421,1526.8287702287946,1503.01904296875,1523.41552734375,0.013038034921947139,1535.070556640625
2025-05-26,1535.070556640625,1538.275749801986,1517.782147363295,1521.5700705826603,3170102,1522.319370814732,1519.8218994140625,1503.01904296875,0.012503277517304727,1524.9696044921875
2025-05-27,1524.9696044921875,1537.401733466409,1511.6634396332652,1534.487964353223,7775714,1519.5721086774554,1535.070556640625,1519.8218994140625,0.011630044486043177,1526.6207275390625
2025-05-28,1526.6207275390625,1542.063608140773,1524.8724187426308,1535.556238237006,3623370,1521.2371303013392,1524.9696044921875,1535.070556640625,0.00881608140450021,1540.0240478515625
2025-05-29,1540.0240478515625,1562.6543682753302,1531.2827406845122,1543.3263431603168,8609500,1524.7059151785713,1526.6207275390625,1524.9696044921875,0.009262236400109354,1539.1375732421875
2025-05-30,1539.1375732421875,1548.297396005105,1531.652190030095,1547.3124739974683,13148092,1526.9519217354912,1540.0240478515625,1526.6207275390625,0.009228066238814073,1530.371826171875
2025-06-02,1530.371826171875,1536.4782943781508,1515.7949327230604,1536.4782943781508,4374509,1530.8594621930804,1539.1375732421875,1540.0240478515625,0.0074444574591895985,1519.734619140625
2025-06-03,1519.734619140625,1543.6682714095227,1512.4461724234918,1535.4933708621093,6853403,1530.8469935825892,1530.371826171875,1539.1375732421875,0.007109820586725058,1527.8109130859375
2025-06-04,1527.8109130859375,1533.8190332918903,1518.158749909477,1519.7346010168856,4548307,1529.8099016462054,1519.734619140625,1530.371826171875,0.006161973470901167,1530.8642578125
2025-06-05,1530.8642578125,1544.0621159555858,1518.3556767230737,1524.5607331925255,6948539,1530.6519949776787,1527.8109130859375,1519.734619140625,0.005617506116969112,1540.2210693359375
2025-06-06,1540.2210693359375,1545.2441474823067,1519.8331118292815,1531.2581829658582,3960020,1532.5949009486608,1530.8642578125,1527.8109130859375,0.006003180369670333,1549.183837890625
2025-06-09,1549.183837890625,1564.0561360451065,1547.3124620446238,1554.2069160448225,2903202,1533.9034423828125,1540.2210693359375,1530.8642578125,0.005467391796072552,1571.935546875
2025-06-10,1571.935546875,1583.2621501262925,1553.7144894707471,1560.116482612782,8591925,1538.5888671875,1549.183837890625,1540.2210693359375,0.0074740981953252,1606.5062255859375
2025-06-11,1606.5062255859375,1609.9534525332194,1566.1244242034918,1566.1244242034918,10597410,1549.4652099609375,1571.935546875,1549.183837890625,0.009206099343022727,1584.345458984375
2025-06-12,1584.345458984375,1603.452969273507,1574.0037782857437,1592.6188275892266,10483574,1558.6953299386162,1606.5062255859375,1571.935546875,0.011102188512803755,1577.844970703125
2025-06-13,1577.844970703125,1584.7394243828517,1546.5244044661895,1552.2369998927122,6968315,1565.843052455357,1584.345458984375,1606.5062255859375,0.011753205578032623,1599.31640625
2025-06-16,1599.31640625,1610.1505483486199,1573.01891647278,1575.875214344727,5591842,1575.6219308035713,1577.844970703125,1584.345458984375,0.01212610678705665,1615.173583984375
2025-06-17,1615.173583984375,1622.5604988569514,1591.2399317053334,1596.2630097727385,7622083,1586.3294328962054,1599.31640625,1577.844970703125,0.012199602286737074,1608.2791748046875
2025-06-18,1608.2791748046875,1619.9011823893957,1596.5585788351507,1596.5585788351507,5629707,1594.7716238839287,1615.173583984375,1599.31640625,0.012919646526444608,1593.997802734375
2025-06-19,1593.997802734375,1605.4228739879738,1587.2018168292147,1599.4148737815738,5147760,1597.923374720982,1608.2791748046875,1615.173583984375,0.013174693549513429,1598.429931640625
2025-06-20,1598.429931640625,1606.1122510729595,1584.6410236941556,1594.58871180959,9202821,1596.7696184430804,1593.997802734375,1608.2791748046875,0.009934765345577686,1560.116455078125
2025-06-23,1560.116455078125,1576.8601291540897,1551.6461498856431,1576.8601291540897,7943676,1593.3083321707588,1598.429931640625,1593.997802734375,0.012568942699906435,1557.7525634765625
2025-06-24,1557.7525634765625,1584.739449496533,1552.827953627288,1576.860073737694,8083992,1590.43798828125,1560.116455078125,1598.429931640625,0.012539298971330649,1590.550537109375
2025-06-25,1590.550537109375,1595.4751470327865,1561.199813873949,1566.025955644839,7813533,1589.1857212611608,1557.7525634765625,1560.116455078125,0.014258531236305995,1591.6339111328125
2025-06-26,1591.6339111328125,1599.5132869304996,1582.3756205245834,1584.5425210067874,6519233,1585.8229108537946,1590.550537109375,1557.7525634765625,0.013521148123564813,1583.7545166015625
2025-06-27,1583.7545166015625,1605.0288069577266,1578.238977654369,1594.5886581952298,8912268,1582.3193882533483,1591.6339111328125,1590.550537109375,0.013542518040488253,1577.6480712890625
2025-06-30,1577.6480712890625,1590.648993297183,1570.064099926214,1590.648993297183,6294505,1579.9837123325892,1583.7545166015625,1591.6339111328125,0.013254242250637144,1582.57275390625
2025-07-01,1582.57275390625,1593.308307768125,1576.3676970723639,1584.7395342639384,4178937,1577.7184012276787,1577.6480712890625,1583.7545166015625,0.013272767398776008,1586.2169189453125
2025-07-02,1586.2169189453125,1624.1364168524187,1579.2239966239758,1593.6038341220215,8653641,1581.4470389229912,1582.57275390625,1577.6480712890625,0.008755698309365956,1594.293212890625
2025-07-03,1594.293212890625,1607.786716594206,1590.6490495377586,1594.0962765801005,5259695,1586.6671316964287,1586.2169189453125,1582.57275390625,0.008617623411151862,1615.96142578125
2025-07-04,1615.96142578125,1618.6207872342948,1587.9897380569496,1600.4981989662078,4411273,1590.2972586495537,1594.293212890625,1586.2169189453125,0.006178426630827661,1602.4681396484375
2025-07-07,1602.4681396484375,1619.2118141254034,1598.5284515362102,1615.2721260131761,3294523,1591.845005580357,1615.96142578125,1594.293212890625,0.0073923725473799854,1613.9915771484375
2025-07-08,1613.9915771484375,1621.378491891406,1597.0509674297891,1603.4529602070286,4590681,1596.164585658482,1602.4681396484375,1615.96142578125,0.007186968549542518,1609.0670166015625
2025-07-09,1609.0670166015625,1613.3022292758048,1599.1193284889714,1613.1052929685202,4580828,1600.6530064174108,1613.9915771484375,1602.4681396484375,0.007069623929505675,1591.43701171875
2025-07-10,1591.43701171875,1614.1886858160015,1582.868118202301,1614.1886858160015,5330179,1601.9193289620537,1609.0670166015625,1613.9915771484375,0.008774013403686732,1570.85205078125
2025-07-11,1570.85205078125,1582.8680505457567,1539.433016356687,1555.2902357933656,11391755,1599.7243477957588,1591.43701171875,1609.0670166015625,0.010133031303376361,1546.623046875
2025-07-14,1546.623046875,1567.7988696310574,1536.2813659941348,1567.7988696310574,9173426,1592.9143240792412,1570.85205078125,1591.43701171875,0.010898866063922074,1561.6922607421875
2025-07-15,1561.6922607421875,1579.4208563061295,1540.4179701114037,1541.5013602388092,7614807,1585.161586216518,1546.623046875,1570.85205078125,0.009898661026891725,1583.6561279296875
2025-07-16,1583.6561279296875,1587.6942841349517,1554.6993967165145,1555.1918577227598,6223491,1582.474155970982,1561.6922607421875,1546.623046875,0.011976031866256436,1559.6240234375
2025-07-17,1559.6240234375,1585.7244570472844,1556.2752645133157,1573.9053927711557,7374814,1574.7073625837054,1583.6561279296875,1561.6922607421875,0.012213471949124269,1562.1846923828125
2025-07-18,1562.1846923828125,1575.1857343566385,1556.176692489401,1568.0942241264431,5161833,1568.0098876953125,1559.6240234375,1583.6561279296875,0.012453154058832116,1560.4119873046875
2025-07-21,1560.4119873046875,1565.041072656143,1543.1758521432762,1556.1767745731315,3682661,1563.5777413504463,1562.1846923828125,1559.6240234375,0.012106759247536947,1547.2139892578125
2025-07-22,1547.2139892578125,1561.889351060241,1541.4029254290974,1541.4029254290974,8473741,1560.2008754185267,1560.4119873046875,1562.1846923828125,0.011585841922813587,1550.7596435546875
2025-07-23,1550.7596435546875,1567.897309898412,1526.629055261839,1552.5325511946266,8035026,1560.7918178013392,1547.2139892578125,1560.4119873046875,0.010021023107878366,1529.0914306640625
2025-07-24,1529.0914306640625,1558.1466301517212,1524.8562179010848,1556.1767861186595,14169664,1556.134556361607,1550.7596435546875,1547.2139892578125,0.01034910925660319,1492.84619140625
2025-07-25,1492.84619140625,1526.1366022975346,1488.512630894258,1520.12860228797,10851259,1543.1617082868304,1529.0914306640625,1550.7596435546875,0.009824175729695631,1493.1417236328125
2025-07-28,1493.1417236328125,1496.392014262957,1460.14683725966,1491.0734115180542,6439855,1533.6642368861608,1492.84619140625,1529.0914306640625,0.009764545746785399,1490.8763427734375
2025-07-29,1490.8763427734375,1494.3235696797126,1473.5417400906863,1490.0884773327002,7070448,1523.477329799107,1493.1417236328125,1492.84619140625,0.00941030699574454,1496.0965576171875
2025-07-30,1496.0965576171875,1498.7557989957106,1483.2925712781332,1496.9830114866083,5719051,1514.2894112723213,1490.8763427734375,1493.1417236328125,0.010004591508535542,1486.247314453125
2025-07-31,1486.247314453125,1504.0743788045277,1474.428250322285,1486.936711768862,6851407,1505.5798863002233,1496.0965576171875,1490.8763427734375,0.009951261073681222,1447.4412841796875
2025-08-01,1447.4412841796875,1476.1024890867666,1443.4031282013243,1471.3749358302919,8702978,1490.8201206752233,1486.247314453125,1496.0965576171875,0.011779643194491754,1458.177001953125
2025-08-04,1458.177001953125,1460.4423706154291,1429.1218033326475,1439.4634841975633,8610216,1480.689488002232,1447.4412841796875,1486.247314453125,0.013188978709534397,1438.2816162109375
2025-08-05,1438.2816162109375,1456.4040844682859,1433.0614816224124,1456.4040844682859,10213323,1472.8945486886162,1458.177001953125,1447.4412841796875,0.011460333533673884,1415.037353515625
2025-08-06,1415.037353515625,1434.14486387826,1408.7339490588547,1430.1067078263497,10566934,1461.736781529018,1438.2816162109375,1458.177001953125,0.011826749335057953,1415.234375
2025-08-07,1415.234375,1420.2574529025999,1392.876574581379,1408.4383894942564,9892020,1450.9307861328125,1415.037353515625,1438.2816162109375,0.011983923799760089,1401.6424560546875
2025-08-08,1401.6424560546875,1411.590144080286,1395.7329241309972,1403.5138318764698,10048009,1437.4373430524554,1415.234375,1415.037353515625,0.010988718935453336,1406.66552734375
2025-08-11,1406.66552734375,1411.7871937906966,1392.6796832838538,1398.4907470266712,6625368,1426.0685163225446,1401.6424560546875,1415.234375,0.012019051641408795,1402.62744140625
2025-08-12,1402.62744140625,1419.2726477892124,1399.5742071536924,1406.6655976905836,9899184,1419.666538783482,1406.66552734375,1401.6424560546875,0.008917832900231994,1405.0897216796875
2025-08-13,1405.0897216796875,1412.3781686321047,1400.953097311154,1403.5138705026145,10318063,1412.0826416015625,1402.62744140625,1406.66552734375,0.00785584003981108,1425.8714599609375
2025-08-14,1425.8714599609375,1447.835267553816,1404.6956380205245,1404.6956380205245,12902347,1410.3097621372767,1405.0897216796875,1402.62744140625,0.00988565194318462,1414.1510009765625
2025-08-18,1414.1510009765625,1442.6151494914589,1408.0444126749926,1442.6151494914589,7254561,1410.183140345982,1425.8714599609375,1405.0897216796875,0.008192635897474553,1418.2877197265625
2025-08-19,1418.2877197265625,1427.5460108318366,1411.0977408332749,1411.0977408332749,3986094,1410.6193324497767,1414.1510009765625,1425.8714599609375,0.008271269544312013,1473.6402587890625
2025-08-20,1473.6402587890625,1476.3980885005715,1418.9770874002822,1418.9770874002822,10413061,1420.9047328404017,1418.2877197265625,1414.1510009765625,0.015656476663451213,1473.8372802734375
2025-08-21,1473.8372802734375,1485.262351237006,1461.9197483180794,1485.262351237006,6565539,1430.500697544643,1473.6402587890625,1418.2877197265625,0.01584555518221963,1465.0714111328125
2025-08-22,1465.0714111328125,1481.6181481033814,1463.6924963469764,1475.5115598317454,5543397,1439.4212646484375,1473.8372802734375,1473.6402587890625,0.0161970505055604,1508.9989013671875
2025-08-25,1508.9989013671875,1515.7948868943363,1483.981859694785,1483.981859694785,10694531,1454.2654331752233,1465.0714111328125,1473.8372802734375,0.01824616113279401,1506.53662109375
2025-08-26,1506.53662109375,1515.2039825206518,1495.7024794249892,1500.03616013844,15994798,1465.789027622768,1508.9989013671875,1465.0714111328125,0.018636844973577548,1477.4814453125
2025-08-28,1477.4814453125,1506.5366438633127,1475.413133190423,1506.5366438633127,5443364,1474.8362339564733,1506.53662109375,1508.9989013671875,0.020610673102849825,1447.4412841796875
2025-08-29,1447.4412841796875,1479.254311487481,1445.5699084151588,1479.254311487481,8169075,1479.0010288783483,1477.4814453125,1506.53662109375,0.023009928621051893,1476.7921142578125
2025-09-01,1476.7921142578125,1480.7318023736236,1453.941851048263,1454.4343120627393,4546057,1479.4512939453125,1447.4412841796875,1477.4814453125,0.01885079577320637,1476.1025390625
2025-09-02,1476.1025390625,1489.9900353122632,1463.8896025641538,1476.7920565936874,5218763,1479.77490234375,1476.7921142578125,1447.4412841796875,0.01885387800049573,1456.798095703125
2025-09-03,1456.798095703125,1479.2543652339205,1450.7900955921732,1477.3829894013984,4623483,1478.5930001395088,1476.1025390625,1476.7921142578125,0.01943578308868346,1440.94091796875
2025-09-04,1440.94091796875,1461.6242804276317,1438.0846200594328,1461.6242804276317,5787724,1468.8704310825892,1456.798095703125,1476.1025390625,0.014109389588577418,1422.8182373046875
2025-09-05,1422.8182373046875,1450.4945202945664,1411.3931666312185,1447.835279098319,5466487,1456.9106619698662,1440.94091796875,1456.798095703125,0.01408824221552262,1411.2947998046875
2025-09-08,1411.2947998046875,1436.0163186937275,1406.7641825159365,1429.1218644887508,3811567,1447.4554268973213,1422.8182373046875,1440.94091796875,0.013208185142538355,1481.6181640625
2025-09-09,1481.6181640625,1484.474341584966,1450.297597398603,1458.6694341238242,13072640,1452.3378383091517,1411.2947998046875,1422.8182373046875,0.023517119210593435,1509.491455078125
2025-09-10,1509.491455078125,1511.756823802922,1486.5428442826578,1487.330709756259,7281071,1457.0091727120537,1481.6181640625,1411.2947998046875,0.023349589238487276,1486.9366455078125
2025-09-11,1486.9366455078125,1504.4683046125388,1483.7849433052634,1500.922609577238,8003662,1458.5569022042412,1509.491455078125,1481.6181640625,0.02436414840198556,1502.596923828125
2025-09-12,1502.596923828125,1519.6361218926327,1498.1647749913177,1513.8250582606502,12856963,1465.0995919363838,1486.9366455078125,1509.491455078125,0.023667151131014467,1485.6563720703125
2025-09-15,1485.6563720703125,1504.4683582651935,1478.5648615170796,1502.5969824151846,6167414,1471.487513950893,1502.596923828125,1486.9366455078125,0.02371019778741715,1488.5126953125
2025-09-16,1488.5126953125,1491.1719366717366,1480.8302554728903,1485.656397411633,8923112,1480.8724365234375,1485.6563720703125,1502.596923828125,0.022563944227654474,1499.4453125
2025-09-17,1499.4453125,1503.680405062861,1491.1719434573272,1494.028241371192,4795698,1493.465366908482,1488.5126953125,1485.6563720703125,0.02161267580779531,1517.370849609375
2025-09-18,1517.370849609375,1531.5537508334592,1515.302537400178,1526.6291407021617,9331945,1498.5728934151787,1499.4453125,1488.5126953125,0.012456998123570833,1516.976806640625
2025-09-19,1516.976806640625,1527.9095369547413,1497.179898612735,1521.3104874589542,12988129,1499.6422293526787,1517.370849609375,1499.4453125,0.010471677836782182,1476.8905029296875
2025-09-22,1476.8905029296875,1491.8612688721596,1459.6543683506482,1460.3437656419162,15655204,1498.207066127232,1516.976806640625,1517.370849609375,0.013732199035540876,1474.920654296875
2025-09-23,1474.920654296875,1490.186944875574,1470.4885054191882,1470.4885054191882,9832164,1494.2533133370537,1476.8905029296875,1516.976806640625,0.012787675033131047,1472.0643310546875
2025-09-24,1472.0643310546875,1474.1326431158677,1460.3437357350242,1464.7758845360097,4937004,1492.3115931919642,1474.920654296875,1476.8905029296875,0.012203454575740274,1462.4122314453125
2025-09-25,1462.4122314453125,1480.04223903444,1454.2373307659764,1466.5488557470633,9491867,1488.5829554966517,1472.0643310546875,1474.920654296875,0.01225705436694223,1427.053466796875
2025-09-26,1427.053466796875,1456.404069373631,1419.4694954878144,1452.7599061754568,8597058,1478.2412632533483,1462.4122314453125,1472.0643310546875,0.013754262205895875,1420.060546875
2025-09-29,1420.060546875,1442.9106885263222,1414.8404123331482,1437.9860786678707,10513117,1464.3397914341517,1427.053466796875,1462.4122314453125,0.011112246852596477,1420.060546875
2025-09-30,1420.060546875,1430.303639196793,1416.416263441906,1421.2424051491353,7556305,1450.4946114676338,1420.060546875,1427.053466796875,0.01114810680018214,1424.000244140625
2025-10-01,1424.000244140625,1427.6444073679875,1405.877655696216,1424.197180444367,6250692,1442.9388602120537,1420.060546875,1420.060546875,0.008928669506827854,1424.7880859375
2025-10-03,1424.7880859375,1426.4625254104503,1411.5901076030302,1417.3027030735375,6877533,1435.777064732143,1424.000244140625,1420.060546875,0.009090523801580284,1453.744873046875
2025-10-06,1453.744873046875,1456.5027027407555,1420.5530497148675,1424.7881421800753,4630590,1433.1599993024554,1424.7880859375,1424.000244140625,0.013242178990861119,1436.5086669921875
2025-10-07,1436.5086669921875,1460.5407866669368,1432.0765182081868,1455.4191203786977,5570320,1429.4594900948662,1453.744873046875,1424.7880859375,0.013708609140568928,1472.4583740234375
2025-10-08,1472.4583740234375,1475.4131399913774,1433.061494450904,1435.0313384295307,4657192,1435.9459054129463,1436.5086669921875,1453.744873046875,0.01333147003348227,1486.5428466796875
2025-10-09,1486.5428466796875,1491.171932062491,1464.5790376333712,1479.352867871771,7028753,1445.4433768136162,1472.4583740234375,1436.5086669921875,0.012728124903310082,1492.058349609375
2025-10-10,1492.058349609375,1498.755747016607,1476.2011295853695,1487.2322078030077,3738353,1455.7287772042412,1486.5428466796875,1472.4583740234375,0.012481038190544774,1470.6854248046875
2025-10-13,1470.6854248046875,1482.0120273618204,1461.0332617199265,1474.4281763502415,5859355,1462.3980887276787,1492.058349609375,1486.5428466796875,0.01491711356908049,1467.435302734375
2025-10-14,1467.435302734375,1491.5658915845438,1464.0865439092208,1476.3980688327763,5600789,1468.4905482700892,1470.6854248046875,1492.058349609375,0.015081221677423817,1452.1690673828125
2025-10-15,1452.1690673828125,1466.1549121391147,1445.373081319078,1461.5258266826634,6986098,1468.2654331752233,1467.435302734375,1470.6854248046875,0.0140854081338005,1449.312744140625
2025-10-16,1449.312744140625,1452.267510183725,1438.478601982591,1451.6765810210527,8005748,1470.0945870535713,1452.1690673828125,1467.435302734375,0.013172619289914759,1419.37109375
2025-10-17,1419.37109375,1436.410292725158,1412.3781714796953,1432.9630656678505,16959378,1462.5106898716517,1449.312744140625,1452.1690673828125,0.010536568100917852,1438.87255859375
2025-10-20,1438.87255859375,1444.8805586841174,1428.136884861602,1431.781048131079,6994246,1455.700648716518,1419.37109375,1449.312744140625,0.011577167854607136,1450.19921875
2025-10-21,1450.19921875,1463.5941342911037,1447.8353818357486,1455.7147580634262,1698704,1449.7207728794642,1438.87255859375,1419.37109375,0.012166182425500164,1505.4532470703125
2025-10-23,1505.4532470703125,1522.6893817276436,1483.292502510887,1487.2321904325627,20358624,1454.6876046316963,1450.19921875,1438.87255859375,0.018976523223103548,1502.4000244140625
2025-10-24,1502.4000244140625,1519.7346273554492,1495.111577657532,1516.2874003977408,8652257,1459.6825648716517,1505.4532470703125,1450.19921875,0.018967533168633834,1504.5
2025-10-27,1504.5,1515.300048828125,1498.0999755859375,1510.0,7273211,1467.158412388393,1502.4000244140625,1505.4532470703125,0.018024535490429518,1500.199951171875
2025-10-28,1500.199951171875,1506.5,1490.5,1499.699951171875,8211019,1474.428013392857,1504.5,1502.4000244140625,0.018086700729222287,1510.4000244140625
2025-10-29,1510.4000244140625,1520.199951171875,1496.9000244140625,1500.199951171875,4884976,1487.4321463448662,1500.199951171875,1504.5,0.014115449800074665,1493.800048828125
2025-10-30,1493.800048828125,1508.199951171875,1489.0999755859375,1507.0,5608867,1495.2789306640625,1510.4000244140625,1500.199951171875,0.015734390675265116,1482.300048828125
2025-10-31,1482.300048828125,1497.0999755859375,1480.699951171875,1490.0,4819814,1499.8647635323662,1493.800048828125,1510.4000244140625,0.01642379451423824,1485.5
2025-11-03,1485.5,1491.4000244140625,1474.199951171875,1482.300048828125,5470600,1497.0142996651787,1482.300048828125,1493.800048828125,0.006058273703753756,1467.9000244140625
2025-11-04,1467.9000244140625,1481.9000244140625,1462.9000244140625,1479.699951171875,8691330,1492.085728236607,1485.5,1482.300048828125,0.007136874090664609,1466.699951171875
2025-11-06,1466.699951171875,1483.0,1461.9000244140625,1478.5999755859375,7944752,1486.6857212611608,1467.9000244140625,1485.5,0.006940712845379662,1476.800048828125
2025-11-07,1476.800048828125,1480.9000244140625,1449.0999755859375,1470.0,8765759,1483.3428780691963,1466.699951171875,1467.9000244140625,0.008010821901313258,1513.5
2025-11-10,1513.5,1520.0,1490.0,1490.0999755859375,9787975,1483.7857317243304,1476.800048828125,1466.699951171875,0.012844108033456439,1530.300048828125
2025-11-11,1530.300048828125,1533.4000244140625,1511.0999755859375,1525.0,13692989,1489.0000174386162,1513.5,1476.800048828125,0.0122915548053838,1551.699951171875
2025-11-12,1551.699951171875,1559.199951171875,1538.0999755859375,1540.0,14635417,1498.9142892020088,1530.300048828125,1513.5,0.011711979736688059,1541.800048828125
2025-11-13,1541.800048828125,1557.5,1530.300048828125,1557.0999755859375,19655689,1506.9571533203125,1551.699951171875,1530.300048828125,0.012659937543188657,1502.800048828125
2025-11-14,1502.800048828125,1530.0,1488.800048828125,1520.0,9739549,1511.94287109375,1541.800048828125,1551.699951171875,0.016229710810884108,1507.5999755859375
2025-11-17,1507.5999755859375,1510.199951171875,1492.5,1496.0,7910354,1517.7857317243304,1502.800048828125,1541.800048828125,0.016123330930430443,1486.4000244140625
2025-11-18,1486.4000244140625,1506.0,1483.199951171875,1506.0,7525119,1519.1571568080358,1507.5999755859375,1502.800048828125,0.017402226007508022,1541.0999755859375
2025-11-19,1541.0999755859375,1543.0,1490.5,1490.5,10981126,1523.1000104631696,1486.4000244140625,1507.5999755859375,0.020445370973614582,1536.5
2025-11-20,1536.5,1555.0,1534.0,1555.0,7387584,1523.9857177734375,1541.0999755859375,1486.4000244140625,0.020179484969583085,1545.0
2025-11-21,1545.0,1551.5,1526.300048828125,1531.0,9186302,1523.0285818917412,1536.5,1541.0999755859375,0.019497032618354716,1548.0
2025-11-24,1548.0,1585.0,1541.0,1563.5999755859375,19270381,1523.9142892020088,1545.0,1536.5,0.019328633284310445,1530.5999755859375
2025-11-25,1530.5999755859375,1550.5999755859375,1525.9000244140625,1549.0,8107952,1527.885707310268,1548.0,1545.0,0.016729588457256046,1557.9000244140625
2025-11-26,1557.9000244140625,1560.300048828125,1532.0999755859375,1532.0999755859375,7575038,1535.0714285714287,1530.5999755859375,1548.0,0.017683947605768732,1566.4000244140625
2025-11-27,1566.4000244140625,1574.300048828125,1552.199951171875,1564.0,7552252,1546.5,1557.9000244140625,1530.5999755859375,0.015627535929101603,1560.0999755859375
2025-11-28,1560.0999755859375,1568.4000244140625,1557.0,1565.0,4453221,1549.2142857142858,1566.4000244140625,1557.9000244140625,0.009231411042687128,1564.0
2025-12-01,1564.0,1574.0,1556.0,1562.5,5341800,1553.142857142857,1560.0999755859375,1566.4000244140625,0.00898830972327187,1561.0
2025-12-02,1561.0,1579.9000244140625,1556.0999755859375,1567.0,6335969,1555.4285714285713,1564.0,1560.0999755859375,0.009020417536400585,1578.699951171875
2025-12-03,1578.699951171875,1586.0,1554.0999755859375,1555.0999755859375,12895312,1559.8142787388392,1561.0,1564.0,0.009764366684305546,1597.5999755859375
2025-12-04,1597.5999755859375,1599.0,1568.0,1568.0,12609619,1569.385707310268,1578.699951171875,1561.0,0.007955639610494662,1616.199951171875
2025-12-05,1616.199951171875,1631.800048828125,1600.0,1610.0,10344725,1577.7142682756696,1597.5999755859375,1578.699951171875,0.006684217893719376,1610.800048828125
2025-12-08,1610.800048828125,1630.0,1600.199951171875,1617.0999755859375,7550413,1584.05712890625,1616.199951171875,1597.5999755859375,0.007431149888649493,1599.0
2025-12-09,1599.0,1606.9000244140625,1582.4000244140625,1601.199951171875,6957599,1589.6142752511162,1610.800048828125,1616.199951171875,0.008101969307000953,1584.800048828125
2025-12-10,1584.800048828125,1608.0,1582.800048828125,1608.0,5116140,1592.5857107979912,1599.0,1610.800048828125,0.009388146620291566,1598.0
2025-12-11,1598.0,1607.4000244140625,1580.5,1598.0,5159319,1597.8714250837054,1584.800048828125,1599.0,0.009487078266741064,1598.199951171875
2025-12-12,1598.199951171875,1601.800048828125,1582.5999755859375,1601.4000244140625,4633912,1600.6571393694196,1598.0,1584.800048828125,0.008846424472131536,1606.800048828125
2025-12-15,1606.800048828125,1610.800048828125,1585.0,1585.0,4190558,1601.971435546875,1598.199951171875,1598.0,0.007879919436349827,1592.9000244140625
2025-12-16,1592.9000244140625,1603.0,1585.5999755859375,1600.0,5499258,1598.6428745814733,1606.800048828125,1598.199951171875,0.006921017213430001,1602.0
2025-12-17,1602.0,1606.9000244140625,1586.0,1587.199951171875,4817628,1597.3857247488838,1592.9000244140625,1606.800048828125,0.007464578813281012,1626.800048828125
2025-12-18,1626.800048828125,1630.0,1606.699951171875,1610.5,6577293,1601.3571602957588,1602.0,1592.9000244140625,0.008949813801480726,1638.699951171875
2025-12-19,1638.699951171875,1654.9000244140625,1629.800048828125,1650.0,13149023,1609.0571463448662,1626.800048828125,1602.0,0.007492252200481161,1689.5999755859375
2025-12-22,1689.5999755859375,1693.199951171875,1664.0,1664.0,23098923,1622.142857142857,1638.699951171875,1626.800048828125,0.01251382479959343,1668.300048828125
2025-12-23,1668.300048828125,1679.0,1656.4000244140625,1679.0,6593060,1632.1571568080358,1689.5999755859375,1638.699951171875,0.014609237380190099,1663.4000244140625
2025-12-24,1663.4000244140625,1667.5999755859375,1652.5,1661.0,4271167,1640.2428676060267,1668.300048828125,1689.5999755859375,0.015023362007995207,1656.0999755859375
2025-12-26,1656.0999755859375,1668.800048828125,1651.699951171875,1663.4000244140625,2006491,1649.2714320591517,1663.4000244140625,1668.300048828125,0.014450834960213361,1644.699951171875
2025-12-29,1644.699951171875,1673.0999755859375,1637.0999755859375,1658.0,4062817,1655.3714250837054,1656.0999755859375,1663.4000244140625,0.015207977920262034,1621.5999755859375
2025-12-30,1621.5999755859375,1647.9000244140625,1616.800048828125,1647.0,9395937,1654.6285574776787,1644.699951171875,1656.0999755859375,0.01553965616524707,1615.4000244140625
2025-12-31,1615.4000244140625,1628.5999755859375,1609.199951171875,1621.0,6538656,1651.2999965122767,1621.5999755859375,1644.699951171875,0.015189715642530823,1629.800048828125
2026-01-01,1629.800048828125,1639.5999755859375,1614.0999755859375,1615.4000244140625,3658165,1642.7571498325892,1615.4000244140625,1621.5999755859375,0.007558163881771404,1640.4000244140625
2026-01-02,1640.4000244140625,1643.5,1627.5,1635.9000244140625,2524526,1638.7714320591517,1629.800048828125,1615.4000244140625,0.007845039489251757,1606.4000244140625
2026-01-05,1606.4000244140625,1637.0,1583.0999755859375,1637.0,5917885,1630.6285749162946,1640.4000244140625,1629.800048828125,0.010490857107620882,1612.199951171875
2026-01-06,1612.199951171875,1619.9000244140625,1599.0,1600.0999755859375,4466729,1624.357142857143,1606.4000244140625,1640.4000244140625,0.010982684869679628,1639.0
2026-01-07,1639.0,1642.0,1615.0,1615.0,4508079,1623.5428641183037,1612.199951171875,1606.4000244140625,0.013237396124123479,1613.300048828125
2026-01-08,1613.300048828125,1644.300048828125,1608.5999755859375,1638.9000244140625,3942131,1622.3571602957588,1639.0,1612.199951171875,0.01352910890990295,1614.0999755859375
2026-01-09,1614.0999755859375,1631.300048828125,1607.0,1610.0,6816681,1622.1714390345983,1613.300048828125,1639.0,0.013458785799381054,1595.9000244140625
2026-01-12,1595.9000244140625,1613.300048828125,1592.5999755859375,1610.0999755859375,6985362,1617.328578404018,1614.0999755859375,1613.300048828125,0.013383954618306805,1599.0
2026-01-13,1599.0,1618.0,1586.4000244140625,1618.0,8080618,1611.4142892020088,1595.9000244140625,1614.0999755859375,0.01295268261274983,1599.800048828125
2026-01-14,1599.800048828125,1617.0,1583.0999755859375,1588.0,7557157,1610.471435546875,1599.0,1595.9000244140625,0.01052460218774928,1599.800048828125
2026-01-15,1599.800048828125,1599.800048828125,1599.800048828125,1599.800048828125,0,1608.7000209263392,1599.800048828125,1599.0,0.01037466909764292,1689.800048828125
2026-01-16,1689.800048828125,1694.0,1653.4000244140625,1663.699951171875,19335957,1615.9571707589287,1599.800048828125,1599.800048828125,0.023782508630649693,1681.199951171875
2026-01-19,1681.199951171875,1685.0,1666.5,1685.0,5104958,1625.6571568080358,1689.800048828125,1599.800048828125,0.02258354077347155,1658.9000244140625
2026-01-20,1658.9000244140625,1680.199951171875,1652.9000244140625,1673.0,6406503,1632.057163783482,1681.199951171875,1689.800048828125,0.023724572029681798,1654.4000244140625
2026-01-21,1654.4000244140625,1657.0,1631.199951171875,1651.0,6224582,1640.414306640625,1658.9000244140625,1681.199951171875,0.023006351991755703,1663.5
2026-01-22,1663.5,1671.199951171875,1653.800048828125,1666.0,6228892,1649.6285923549108,1654.4000244140625,1658.9000244140625,0.022957096598097894,1670.800048828125
2026-01-23,1670.800048828125,1675.699951171875,1662.199951171875,1667.199951171875,5869137,1659.771449497768,1663.5,1654.4000244140625,0.02285191257551146,1682.699951171875
2026-01-27,1682.699951171875,1689.4000244140625,1661.0999755859375,1685.800048828125,10673087,1671.614292689732,1670.800048828125,1663.5,0.02267526422392374,1666.5
2026-01-28,1666.5,1688.800048828125,1650.0,1680.0,8588664,1668.2857142857142,1682.699951171875,1670.800048828125,0.007909730424489963,1659.5
2026-01-29,1659.5,1666.5,1642.0999755859375,1658.0,4749582,1665.1857212611608,1666.5,1682.699951171875,0.00785797723690293,1641.0
2026-01-30,1641.0,1655.0,1618.0999755859375,1655.0,9207926,1662.6285749162946,1659.5,1666.5,0.007370187359598208,1629.4000244140625
2026-02-02,1629.4000244140625,1662.0,1618.0,1662.0,6784887,1659.0571463448662,1641.0,1659.5,0.00766515911054847,1656.0
2026-02-03,1656.0,1728.0,1653.0,1727.199951171875,8805868,1657.9857177734375,1629.4000244140625,1641.0,0.01015327955408977,1535.800048828125
2026-02-04,1535.800048828125,1584.9000244140625,1510.0999755859375,1574.0,28828622,1638.7000034877233,1656.0,1629.4000244140625,0.028661302145916518,1520.199951171875
2026-02-05,1520.199951171875,1551.0,1515.699951171875,1534.0,10628127,1615.4857177734375,1535.800048828125,1656.0,0.027500944342467235,1507.0999755859375
2026-02-06,1507.0999755859375,1525.0,1480.0,1522.0999755859375,13900866,1592.7142857142858,1520.199951171875,1535.800048828125,0.02753074910522551,1497.199951171875
2026-02-09,1497.199951171875,1528.0,1493.0,1522.0999755859375,8294615,1569.528564453125,1507.0999755859375,1520.199951171875,0.027405631150562024,1497.800048828125
2026-02-10,1497.800048828125,1515.9000244140625,1491.0,1500.0,8657000,1549.0714285714287,1497.199951171875,1507.0999755859375,0.027966090218742606,1471.9000244140625
2026-02-11,1471.9000244140625,1505.9000244140625,1469.0,1501.199951171875,7934411,1526.5714285714287,1497.800048828125,1497.199951171875,0.02789532767589549,1386.0
2026-02-12,1386.0,1435.699951171875,1380.5,1428.9000244140625,26048896,1488.0,1471.9000244140625,1497.800048828125,0.02860567305345671,1369.0999755859375
2026-02-13,1369.0999755859375,1377.300048828125,1281.5,1293.9000244140625,45785709,1464.1857038225446,1386.0,1471.9000244140625,0.019395045795493775,1365.5999755859375
2026-02-16,1365.5999755859375,1376.0,1338.300048828125,1373.699951171875,14621891,1442.0999930245537,1369.0999755859375,1386.0,0.019987752469894943,1391.199951171875
2026-02-17,1391.199951171875,1431.0,1367.0,1370.0,25347684,1425.5428466796875,1365.5999755859375,1369.0999755859375,0.02376844309187295,1373.699951171875
2026-02-18,1373.699951171875,1401.0,1345.300048828125,1390.9000244140625,20241373,1407.8999895368304,1391.199951171875,1365.5999755859375,0.023685149398435735,1370.5
2026-02-19,1370.5,1402.0,1363.199951171875,1385.0,14574228,1389.7142682756696,1373.699951171875,1391.199951171875,0.023468852320123565,1353.199951171875
2026-02-20,1353.199951171875,1365.0,1338.199951171875,1359.199951171875,12633552,1372.757114955357,1370.5,1373.699951171875,0.023371674447789207,1327.5
2026-02-23,1327.5,1352.0,1318.0,1352.0,12887826,1364.3999720982142,1353.199951171875,1370.5,0.012463092185508057,1275.5
2026-02-24,1275.5,1303.5999755859375,1264.0999755859375,1301.0,27839061,1351.0285470145088,1327.5,1353.199951171875,0.017729061728763908,1290.0999755859375
2026-02-25,1290.0999755859375,1323.5999755859375,1286.199951171875,1286.199951171875,16669618,1340.2428327287946,1275.5,1327.5,0.019409923065724838,1289.0999755859375
2026-02-26,1289.0999755859375,1314.0,1286.300048828125,1305.5,11493914,1325.6571219308037,1290.0999755859375,1275.5,0.016050124322236934,1300.0999755859375
2026-02-27,1300.0999755859375,1335.0,1294.199951171875,1326.300048828125,23141724,1315.1428397042412,1289.0999755859375,1290.0999755859375,0.017555108559783757,1288.9000244140625
2026-03-02,1288.9000244140625,1298.800048828125,1273.0,1291.0,9700361,1303.4857003348213,1300.0999755859375,1289.0999755859375,0.01739454202683986,1307.4000244140625
2026-03-04,1307.4000244140625,1317.0,1292.0,1292.0,15154950,1296.9428536551338,1288.9000244140625,1300.0999755859375,0.019244494576848466,1305.800048828125
2026-03-05,1305.800048828125,1320.0,1290.0999755859375,1320.0,10362147,1293.8428606305804,1307.4000244140625,1288.9000244140625,0.018195473139113117,1308.4000244140625
2026-03-06,1308.4000244140625,1327.199951171875,1303.0,1303.0,8724291,1298.5428641183037,1305.800048828125,1307.4000244140625,0.008120929803735527,1315.0
2026-03-09,1315.0,1318.0,1282.5,1290.0,10068514,1302.1000104631696,1308.4000244140625,1305.800048828125,0.007430725637814747,1295.5999755859375
2026-03-10,1295.5999755859375,1321.0,1284.0999755859375,1320.0,9600171,1303.0285818917412,1315.0,1308.4000244140625,0.009979474549629608,1276.300048828125
2026-03-11,1276.300048828125,1299.5,1271.300048828125,1288.0,7868891,1299.6285923549108,1295.5999755859375,1315.0,0.010831238677991718,1265.800048828125
2026-03-12,1265.800048828125,1278.5999755859375,1258.0,1272.5,7599940,1296.3285958426338,1276.300048828125,1295.5999755859375,0.010796198140629557,1248.300048828125
2026-03-13,1248.300048828125,1269.5999755859375,1242.5999755859375,1251.0,7366098,1287.8857421875,1265.800048828125,1276.300048828125,0.008450240628592521,1249.800048828125
2026-03-16,1249.800048828125,1254.300048828125,1224.199951171875,1240.199951171875,12314450,1279.8857421875,1248.300048828125,1265.800048828125,0.008749723242933993,1232.9000244140625
2026-03-17,1232.9000244140625,1245.0,1215.0999755859375,1245.0,11223276,1269.1000279017858,1249.800048828125,1248.300048828125,0.008278486842785013,1267.0999755859375
2026-03-18,1267.0999755859375,1290.800048828125,1234.9000244140625,1238.0,12365381,1262.2571672712054,1232.9000244140625,1249.800048828125,0.015620931178538727,1220.800048828125
2026-03-19,1220.800048828125,1255.0,1215.0999755859375,1244.199951171875,9156461,1251.5714634486608,1267.0999755859375,1232.9000244140625,0.01952751294489558,1255.9000244140625
2026-03-20,1255.9000244140625,1264.800048828125,1229.199951171875,1242.0,27299975,1248.6571742466517,1220.800048828125,1267.0999755859375,0.02361041191075543,1256.800048828125
2026-03-23,1256.800048828125,1261.0999755859375,1227.4000244140625,1238.199951171875,12420293,1247.3714599609375,1255.9000244140625,1220.800048828125,0.023462615610217865,1278.300048828125
2026-03-24,1278.300048828125,1297.0,1251.0,1269.0,13613495,1251.6571742466517,1256.800048828125,1255.9000244140625,0.02350959011458912,1279.0999755859375
2026-03-25,1279.0999755859375,1290.5999755859375,1257.0999755859375,1270.0,10824030,1255.8428780691963,1278.300048828125,1256.800048828125,0.02352053445014108,1269.699951171875
2026-03-27,1269.699951171875,1294.800048828125,1263.199951171875,1285.199951171875,13092541,1261.1000104631696,1279.0999755859375,1278.300048828125,0.022880584430581705,1250.5999755859375
